<?xml version="1.0" encoding="UTF-8"?>
<project-private xmlns="http://www.netbeans.org/ns/project-private/1">
    <editor-bookmarks xmlns="http://www.netbeans.org/ns/editor-bookmarks/2" lastBookmarkId="0"/>
    <open-files xmlns="http://www.netbeans.org/ns/projectui-open-files/2">
        <group>
            <file>file:/C:/Users/vipar/OneDrive/Documents/DINITH/NSBM/LMS/Year%2002/Semester%2001/Software%20Engineering%20for%20the%20Internet%20using%20Java/NetBeansProjects/VoteAndEat/src/voteandeat/Order.java</file>
            <file>file:/C:/Users/vipar/OneDrive/Documents/DINITH/NSBM/LMS/Year%2002/Semester%2001/Software%20Engineering%20for%20the%20Internet%20using%20Java/NetBeansProjects/VoteAndEat/src/voteandeat/Home.java</file>
            <file>file:/C:/Users/vipar/OneDrive/Documents/DINITH/NSBM/LMS/Year%2002/Semester%2001/Software%20Engineering%20for%20the%20Internet%20using%20Java/NetBeansProjects/VoteAndEat/src/voteandeat/VoteAndEat.java</file>
            <file>file:/C:/Users/vipar/OneDrive/Documents/DINITH/NSBM/LMS/Year%2002/Semester%2001/Software%20Engineering%20for%20the%20Internet%20using%20Java/NetBeansProjects/VoteAndEat/src/voteandeat/Vote.java</file>
            <file>file:/C:/Users/vipar/OneDrive/Documents/DINITH/NSBM/LMS/Year%2002/Semester%2001/Software%20Engineering%20for%20the%20Internet%20using%20Java/NetBeansProjects/VoteAndEat/src/voteandeat/OtherOrders.java</file>
            <file>file:/C:/Users/vipar/OneDrive/Documents/DINITH/NSBM/LMS/Year%2002/Semester%2001/Software%20Engineering%20for%20the%20Internet%20using%20Java/NetBeansProjects/VoteAndEat/src/voteandeat/WelcomePage.java</file>
        </group>
    </open-files>
</project-private>
